ID,Full Name,Gender,Parent,School,Branch,Class,Level,Section,Password,Date of Birth,Place of Birth,Photo,Academic Year,Roll No,Price,Registration Fee,Total,Status
299,Farxiya Maxamed Cali,female,Caasho warfa,FARJANO ,,2aad,DUGSI HOOSE,,,,,,2026 - 2037,2899,5.0,5.0,10.0,active
300,Axmed Cabdi Xasan,male,Ahmed Rashid,FARJANO ,,3aad,DUGSI HOOSE,,,,,,2026 - 2036,2900,5.0,5.0,10.0,active
301,Sucaad Axmed Maxamed,female,Jamiilo Warfaa,FARJANO ,,4aad,DUGSI HOOSE,,,,,,2026 - 2035,2901,5.0,5.0,10.0,active
296,Yuusuf Xasan Cali,male,Ahmed Rashid,FARJANO ,,11aad,DUGSI SARE,,,,,,2026 - 2028,2896,19.0,5.0,24.0,active
297,Hibo Xasan Maxamed,female,Jamiilo Warfaa,FARJANO ,,12aad,DUGSI SARE,,,,,,2026 - 2027,2897,19.0,5.0,24.0,active
298,Cabdirahman Axmed Xasan,male,Ahmed Rashid,FARJANO ,,1aad,DUGSI HOOSE,,,,,,2026 - 2038,2898,5.0,5.0,10.0,active
294,Cabdirisaaq Xasan Maxamed,male,Ahmed Rashid,FARJANO ,,9aad,DUGSI SARE,,,,,,2026 - 2030,2894,19.0,5.0,24.0,active
295,Najmo Cabdi Xasan,female,Caasho warfa,FARJANO ,,10aad,DUGSI SARE,,,,,,2026 - 2029,2895,19.0,5.0,24.0,active
291,Sahra Cabdi Xasan,female,Caasho warfa,FARJANO ,,6aad,DUGSI DHEXE,,,,,,2026 - 2033,2891,12.0,5.0,17.0,active
292,Yaxye Maxamed Xasan,male,Ahmed Rashid,FARJANO ,,7aad,DUGSI DHEXE,A,,,,,2026 - 2032,2892,12.0,5.0,17.0,active
293,Aamina Axmed Cali,female,Jamiilo Warfaa,FARJANO ,,8aad,DUGSI DHEXE,,,,,,2026 - 2031,2893,12.0,5.0,17.0,active
288,Xasan Axmed Maxamed,male,Ahmed Rashid,FARJANO ,,3aad,DUGSI HOOSE,,,,,,2026 - 2036,2888,5.0,5.0,10.0,active
289,Fadumo Maxamed Cali,female,Jamiilo Warfaa,FARJANO ,,4aad,DUGSI HOOSE,,,,,,2026 - 2035,2889,5.0,5.0,10.0,active
290,Cabdiraxmaan Xasan Maxamed,male,Ahmed Rashid,FARJANO ,,5aad,DUGSI DHEXE,,,,,,2026 - 2034,2890,12.0,5.0,17.0,active
285,Haboon Axmed Cali,female,Jamiilo Warfaa,FARJANO ,,12aad,DUGSI SARE,,,,,,2026 - 2027,2885,19.0,5.0,24.0,active
286,Cabdiqani Maxamed Xasan,male,Ahmed Rashid,FARJANO ,,1aad,DUGSI HOOSE,,,,,,2026 - 2038,2886,5.0,5.0,10.0,active
287,Nimco Cabdi Xasan,female,Caasho warfa,FARJANO ,,2aad,DUGSI HOOSE,,,,,,2026 - 2037,2887,5.0,5.0,10.0,active
283,Rooda Maxamed Xasan,female,Caasho warfa,FARJANO ,,10aad,DUGSI SARE,,,,,,2026 - 2029,2883,19.0,5.0,24.0,active
284,Ismaaciil Cabdi Xasan,male,Ahmed Rashid,FARJANO ,,11aad,DUGSI SARE,,,,,,2026 - 2028,2884,19.0,5.0,24.0,active
280,Cabdirashiid Maxamed Xasan,male,Ahmed Rashid,FARJANO ,,7aad,DUGSI DHEXE,A,,,,,2026 - 2032,2880,12.0,5.0,17.0,active
281,Warsan Cabdi Cali,female,Jamiilo Warfaa,FARJANO ,,8aad,DUGSI DHEXE,,,,,,2026 - 2031,2881,12.0,5.0,17.0,active
282,Cabdalla Axmed Maxamed,male,Ahmed Rashid,FARJANO ,,9aad,DUGSI SARE,,,,,,2026 - 2030,2882,19.0,5.0,24.0,active
277,Farxiyo Cabdi Cali,female,Jamiilo Warfaa,FARJANO ,,4aad,DUGSI HOOSE,,,,,,2026 - 2035,2877,5.0,5.0,10.0,active
278,Maxamed Xasan Cabdi,male,Ahmed Rashid,FARJANO ,,5aad,DUGSI DHEXE,,,,,,2026 - 2034,2878,12.0,5.0,17.0,active
279,Sucaad Axmed Xasan,female,Caasho warfa,FARJANO ,,6aad,DUGSI DHEXE,,,,,,2026 - 2033,2879,12.0,5.0,17.0,active
275,Deeqo Cabdi Xasan,female,Caasho warfa,FARJANO ,,2aad,DUGSI HOOSE,,,,,,2026 - 2037,2875,5.0,5.0,10.0,active
276,Cabdiwali Maxamed Xasan,male,Ahmed Rashid,FARJANO ,,3aad,DUGSI HOOSE,,,,,,2026 - 2036,2876,5.0,5.0,10.0,active
272,Cabdikariim Maxamed Xasan,male,Ahmed Rashid,FARJANO ,,11aad,DUGSI SARE,,,,,,2026 - 2028,2872,19.0,5.0,24.0,active
273,Hibo Axmed Cali,female,Jamiilo Warfaa,FARJANO ,,12aad,DUGSI SARE,,,,,,2026 - 2027,2873,19.0,5.0,24.0,active
274,Cabdisalaan Xasan Maxamed,male,Ahmed Rashid,FARJANO ,,1aad,DUGSI HOOSE,,,,,,2026 - 2038,2874,5.0,5.0,10.0,active
269,Ayaan Xasan Cabdi,female,Jamiilo Warfaa,FARJANO ,,8aad,DUGSI DHEXE,,,,,,2026 - 2031,2869,12.0,5.0,17.0,active
270,Mahad Maxamed Xasan,male,Ahmed Rashid,FARJANO ,,9aad,DUGSI SARE,,,,,,2026 - 2030,2870,19.0,5.0,24.0,active
271,Najma Xasan Cabdi,female,Caasho warfa,FARJANO ,,10aad,DUGSI SARE,,,,,,2026 - 2029,2871,19.0,5.0,24.0,active
266,Yuusuf Cabdi Xasan,male,Ahmed Rashid,FARJANO ,,5aad,DUGSI DHEXE,,,,,,2026 - 2034,2866,12.0,5.0,17.0,active
267,Hodan Maxamed Cali,female,Caasho warfa,FARJANO ,,6aad,DUGSI DHEXE,,,,,,2026 - 2033,2867,12.0,5.0,17.0,active
268,Cabdiqadir Axmed Maxamed,male,Ahmed Rashid,FARJANO ,,7aad,DUGSI DHEXE,A,,,,,2026 - 2032,2868,12.0,5.0,17.0,active
264,Cabdiraxmaan Maxamed Nuur,male,Ahmed Rashid,FARJANO ,,3aad,DUGSI HOOSE,,,,,,2026 - 2036,2864,5.0,5.0,10.0,active
265,Sahra Axmed Xasan,female,Jamiilo Warfaa,FARJANO ,,4aad,DUGSI HOOSE,,,,,,2026 - 2035,2865,5.0,5.0,10.0,active
261,Sahra Cabdi Xasan,female,Caasho warfa,FARJANO ,,6aad,DUGSI DHEXE,,,,,,2026 - 2033,2891,12.0,5.0,17.0,active
262,Abdullahi Maxamed Xasan,male,Ahmed Rashid,FARJANO ,,1aad,DUGSI HOOSE,,,,,,2026 - 2038,2862,5.0,5.0,10.0,active
263,Fadumo Cabdi Cali,female,Caasho warfa,FARJANO ,,2aad,DUGSI HOOSE,,,,,,2026 - 2037,2863,5.0,5.0,10.0,active
258,Xasan Axmed Maxamed,male,Ahmed Rashid,FARJANO ,,3aad,DUGSI HOOSE,,,,,,2026 - 2036,2888,5.0,5.0,10.0,active
259,Fadumo Maxamed Cali,female,Jamiilo Warfaa,FARJANO ,,4aad,DUGSI HOOSE,,,,,,2026 - 2035,2889,5.0,5.0,10.0,active
260,Cabdiraxmaan Xasan Maxamed,male,Ahmed Rashid,FARJANO ,,5aad,DUGSI DHEXE,,,,,,2026 - 2034,2890,12.0,5.0,17.0,active
256,Cabdiqani Maxamed Xasan,male,Ahmed Rashid,FARJANO ,,1aad,DUGSI HOOSE,,,,,,2026 - 2038,2886,5.0,5.0,10.0,active
257,Nimco Cabdi Xasan,female,Caasho warfa,FARJANO ,,2aad,DUGSI HOOSE,,,,,,2026 - 2037,2887,5.0,5.0,10.0,active
253,Rooda Maxamed Xasan,female,Caasho warfa,FARJANO ,,10aad,DUGSI SARE,,,,,,2026 - 2029,2883,19.0,5.0,24.0,active
254,Ismaaciil Cabdi Xasan,male,Ahmed Rashid,FARJANO ,,11aad,DUGSI SARE,,,,,,2026 - 2028,2884,19.0,5.0,24.0,active
255,Haboon Axmed Cali,female,Jamiilo Warfaa,FARJANO ,,12aad,DUGSI SARE,,,,,,2026 - 2027,2885,19.0,5.0,24.0,active
250,Cabdirashiid Maxamed Xasan,male,Ahmed Rashid,FARJANO ,,7aad,DUGSI DHEXE,A,,,,,2026 - 2032,2880,12.0,5.0,17.0,active
251,Warsan Cabdi Cali,female,Jamiilo Warfaa,FARJANO ,,8aad,DUGSI DHEXE,,,,,,2026 - 2031,2881,12.0,5.0,17.0,active
252,Cabdalla Axmed Maxamed,male,Ahmed Rashid,FARJANO ,,9aad,DUGSI SARE,,,,,,2026 - 2030,2882,19.0,5.0,24.0,active
247,Farxiyo Cabdi Cali,female,Jamiilo Warfaa,FARJANO ,,4aad,DUGSI HOOSE,,,,,,2026 - 2035,2877,5.0,5.0,10.0,active
248,Maxamed Xasan Cabdi,male,Ahmed Rashid,FARJANO ,,5aad,DUGSI DHEXE,,,,,,2026 - 2034,2878,12.0,5.0,17.0,active
249,Sucaad Axmed Xasan,female,Caasho warfa,FARJANO ,,6aad,DUGSI DHEXE,,,,,,2026 - 2033,2879,12.0,5.0,17.0,active
245,Deeqo Cabdi Xasan,female,Caasho warfa,FARJANO ,,2aad,DUGSI HOOSE,,,,,,2026 - 2037,2875,5.0,5.0,10.0,active
246,Cabdiwali Maxamed Xasan,male,Ahmed Rashid,FARJANO ,,3aad,DUGSI HOOSE,,,,,,2026 - 2036,2876,5.0,5.0,10.0,active
243,Hibo Axmed Cali,female,Jamiilo Warfaa,FARJANO ,,12aad,DUGSI SARE,,,,,,2026 - 2027,2873,19.0,5.0,24.0,active
244,Cabdisalaan Xasan Maxamed,male,Ahmed Rashid,FARJANO ,,1aad,DUGSI HOOSE,,,,,,2026 - 2038,2874,5.0,5.0,10.0,active
240,Mahad Maxamed Xasan,male,Ahmed Rashid,FARJANO ,,9aad,DUGSI SARE,,,,,,2026 - 2030,2870,19.0,5.0,24.0,active
241,Najma Xasan Cabdi,female,Caasho warfa,FARJANO ,,10aad,DUGSI SARE,,,,,,2026 - 2029,2871,19.0,5.0,24.0,active
242,Cabdikariim Maxamed Xasan,male,Ahmed Rashid,FARJANO ,,11aad,DUGSI SARE,,,,,,2026 - 2028,2872,19.0,5.0,24.0,active
238,Cabdiqadir Axmed Maxamed,male,Ahmed Rashid,FARJANO ,,7aad,DUGSI DHEXE,A,,,,,2026 - 2032,2868,12.0,5.0,17.0,active
239,Ayaan Xasan Cabdi,female,Jamiilo Warfaa,FARJANO ,,8aad,DUGSI DHEXE,,,,,,2026 - 2031,2869,12.0,5.0,17.0,active
235,Sahra Axmed Xasan,female,Jamiilo Warfaa,FARJANO ,,4aad,DUGSI HOOSE,,,,,,2026 - 2035,2865,5.0,5.0,10.0,active
236,Yuusuf Cabdi Xasan,male,Ahmed Rashid,FARJANO ,,5aad,DUGSI DHEXE,,,,,,2026 - 2034,2866,12.0,5.0,17.0,active
237,Hodan Maxamed Cali,female,Caasho warfa,FARJANO ,,6aad,DUGSI DHEXE,,,,,,2026 - 2033,2867,12.0,5.0,17.0,active
232,Abdullahi Maxamed Xasan,male,Ahmed Rashid,FARJANO ,,1aad,DUGSI HOOSE,,,,,,2026 - 2038,2862,5.0,5.0,10.0,active
233,Fadumo Cabdi Cali,female,Caasho warfa,FARJANO ,,2aad,DUGSI HOOSE,,,,,,2026 - 2037,2863,5.0,5.0,10.0,active
234,Cabdiraxmaan Maxamed Nuur,male,Ahmed Rashid,FARJANO ,,3aad,DUGSI HOOSE,,,,,,2026 - 2036,2864,5.0,5.0,10.0,active
229,Nimco Maxamed Xasan,female,Caasho warfa,FARJANO ,,2aad,DUGSI HOOSE,,,,,,2026 - 2037,2799,5.0,5.0,10.0,active
230,Xasan Xasan Cali,male,Ahmed Rashid,FARJANO ,,3aad,DUGSI HOOSE,,,,,,2026 - 2036,2800,5.0,5.0,10.0,active
231,Fadumo Maxamed Xasan,female,Jamiilo Warfaa,FARJANO ,,4aad,DUGSI HOOSE,,,,,,2026 - 2035,2801,5.0,5.0,10.0,active
227,Haboon Maxamed Xasan,female,Jamiilo Warfaa,FARJANO ,,12aad,DUGSI SARE,,,,,,2026 - 2027,2797,19.0,5.0,24.0,active
228,Cabdiqani Xasan Cali,male,Ahmed Rashid,FARJANO ,,1aad,DUGSI HOOSE,,,,,,2026 - 2038,2798,5.0,5.0,10.0,active
224,Cabdalla Xasan Cali,male,Ahmed Rashid,FARJANO ,,9aad,DUGSI SARE,,,,,,2026 - 2030,2794,19.0,5.0,24.0,active
225,Rooda Maxamed Xasan,female,Caasho warfa,FARJANO ,,10aad,DUGSI SARE,,,,,,2026 - 2029,2795,19.0,5.0,24.0,active
226,Ismaaciil Xasan Maxamed,male,Ahmed Rashid,FARJANO ,,11aad,DUGSI SARE,,,,,,2026 - 2028,2796,19.0,5.0,24.0,active
221,Aamina Xasan Maxamed,female,Caasho warfa,FARJANO ,,6aad,DUGSI DHEXE,,,,,,2026 - 2033,2791,12.0,5.0,17.0,active
222,Cabdirashiid Xasan Cali,male,Ahmed Rashid,FARJANO ,,7aad,DUGSI DHEXE,A,,,,,2026 - 2032,2792,12.0,5.0,17.0,active
223,Warsan Maxamed Xasan,female,Jamiilo Warfaa,FARJANO ,,8aad,DUGSI DHEXE,,,,,,2026 - 2031,2793,12.0,5.0,17.0,active
218,Maxamed Xasan Maxamed,male,Ahmed Rashid,FARJANO ,,3aad,DUGSI HOOSE,,,,,,2026 - 2036,2788,5.0,5.0,10.0,active
219,Sucaad Xasan Cali,female,Jamiilo Warfaa,FARJANO ,,4aad,DUGSI HOOSE,,,,,,2026 - 2035,2789,5.0,5.0,10.0,active
220,Xasan Maxamed Cali,male,Ahmed Rashid,FARJANO ,,5aad,DUGSI DHEXE,,,,,,2026 - 2034,2790,12.0,5.0,17.0,active
215,Naciimo Xasan Cali,female,Jamiilo Warfaa,FARJANO ,,12aad,DUGSI SARE,,,,,,2026 - 2027,2785,19.0,5.0,24.0,active
216,Abdiwali Xasan Maxamed,male,Ahmed Rashid,FARJANO ,,1aad,DUGSI HOOSE,,,,,,2026 - 2038,2786,5.0,5.0,10.0,active
217,Farxiyo Xasan Cali,female,Caasho warfa,FARJANO ,,2aad,DUGSI HOOSE,,,,,,2026 - 2037,2787,5.0,5.0,10.0,active
213,Deeqo Xasan Maxamed,female,Caasho warfa,FARJANO ,,10aad,DUGSI SARE,,,,,,2026 - 2029,2783,19.0,5.0,24.0,active
214,Saalax Maxamed Xasan,male,Ahmed Rashid,FARJANO ,,11aad,DUGSI SARE,,,,,,2026 - 2028,2784,19.0,5.0,24.0,active
210,Mustafe Cabdi Xasan,male,Ahmed Rashid,FARJANO ,,7aad,DUGSI DHEXE,A,,,,,2026 - 2032,2780,12.0,5.0,17.0,active
211,Hibo Maxamed Xasan,female,Jamiilo Warfaa,FARJANO ,,8aad,DUGSI DHEXE,,,,,,2026 - 2031,2781,12.0,5.0,17.0,active
212,Cabdisalaan Xasan Cali,male,Ahmed Rashid,FARJANO ,,9aad,DUGSI SARE,,,,,,2026 - 2030,2782,19.0,5.0,24.0,active
207,Khadra Cabdi Xasan,female,Jamiilo Warfaa,FARJANO ,,4aad,DUGSI HOOSE,,,,,,2026 - 2035,2777,5.0,5.0,10.0,active
208,Abdikariim Maxamed Cali,male,Ahmed Rashid,FARJANO ,,5aad,DUGSI DHEXE,,,,,,2026 - 2034,2778,12.0,5.0,17.0,active
209,Luul Xasan Maxamed,female,Caasho warfa,FARJANO ,,6aad,DUGSI DHEXE,,,,,,2026 - 2033,2779,12.0,5.0,17.0,active
205,Shamso Maxamed Cali,female,Caasho warfa,FARJANO ,,2aad,DUGSI HOOSE,,,,,,2026 - 2037,2775,5.0,5.0,10.0,active
206,Axmed Xasan Maxamed,male,Ahmed Rashid,FARJANO ,,3aad,DUGSI HOOSE,,,,,,2026 - 2036,2776,5.0,5.0,10.0,active
202,Yuusuf Cabdi Xasan,male,Ahmed Rashid,FARJANO ,,11aad,DUGSI SARE,,,,,,2026 - 2028,2772,19.0,5.0,24.0,active
203,Ifrah Maxamed Cali,female,Jamiilo Warfaa,FARJANO ,,12aad,DUGSI SARE,,,,,,2026 - 2027,2773,19.0,5.0,24.0,active
204,Cabdifitaax Xasan Maxamed,male,Ahmed Rashid,FARJANO ,,1aad,DUGSI HOOSE,,,,,,2026 - 2038,2774,5.0,5.0,10.0,active
199,Ayaan Cabdi Xasan,female,Jamiilo Warfaa,FARJANO ,,8aad,DUGSI DHEXE,,,,,,2026 - 2031,2769,12.0,5.0,17.0,active
200,Mahad Maxamed Xasan,male,Ahmed Rashid,FARJANO ,,9aad,DUGSI SARE,,,,,,2026 - 2030,2770,19.0,5.0,24.0,active
201,Najma Xasan Cali,female,Caasho warfa,FARJANO ,,10aad,DUGSI SARE,,,,,,2026 - 2029,2771,19.0,5.0,24.0,active
197,Sahra Maxamed Cali,female,Caasho warfa,FARJANO ,,6aad,DUGSI DHEXE,,,,,,2026 - 2033,2767,12.0,5.0,17.0,active
198,Ilyaas Xasan Maxamed,male,Ahmed Rashid,FARJANO ,,7aad,DUGSI DHEXE,A,,,,,2026 - 2032,2768,12.0,5.0,17.0,active
195,Hodan Maxamed Cali,female,Jamiilo Warfaa,FARJANO ,,4aad,DUGSI HOOSE,,,,,,2026 - 2035,2765,5.0,5.0,10.0,active
196,Cabdiraxmaan Xasan Cali,male,Ahmed Rashid,FARJANO ,,5aad,DUGSI DHEXE,,,,,,2026 - 2034,2766,12.0,5.0,17.0,active
192,Abdiqani Cabdi Nuur,male,Ahmed Rashid,FARJANO ,,1aad,DUGSI HOOSE,,,,,,2026 - 2038,2762,5.0,5.0,10.0,active
193,Fartuun Xasan Cali,female,Caasho warfa,FARJANO ,,2aad,DUGSI HOOSE,,,,,,2026 - 2037,2763,5.0,5.0,10.0,active
194,Maxamed Cabdi Xasan,male,Ahmed Rashid,FARJANO ,,3aad,DUGSI HOOSE,,,,,,2026 - 2036,2764,5.0,5.0,10.0,active
189,Cabdiraxman Xasan Maxamed,male,Ahmed Rashid,FARJANO ,,5aad,DUGSI DHEXE,,,,,,2026 - 2034,2759,12.0,5.0,17.0,active
190,Sahra Xasan Cali,female,Caasho warfa,FARJANO ,,6aad,DUGSI DHEXE,,,,,,2026 - 2033,2760,12.0,5.0,17.0,active
191,Yaxye Xasan Maxamed,male,Ahmed Rashid,FARJANO ,,7aad,DUGSI DHEXE,A,,,,,2026 - 2032,2761,12.0,5.0,17.0,active
186,Nimco Xasan Cali,female,Caasho warfa,FARJANO ,,2aad,DUGSI HOOSE,,,,,,2026 - 2037,2756,5.0,5.0,10.0,active
187,Xasan Xasan Maxamed,male,Ahmed Rashid,FARJANO ,,3aad,DUGSI HOOSE,,,,,,2026 - 2036,2757,5.0,5.0,10.0,active
188,Fadumo Xasan Cali,female,Jamiilo Warfaa,FARJANO ,,4aad,DUGSI HOOSE,,,,,,2026 - 2035,2758,5.0,5.0,10.0,active
183,Ismaaciil Xasan Maxamed,male,Ahmed Rashid,FARJANO ,,11aad,DUGSI SARE,,,,,,2026 - 2028,2753,19.0,5.0,24.0,active
184,Haboon Xasan Cali,female,Jamiilo Warfaa,FARJANO ,,12aad,DUGSI SARE,,,,,,2026 - 2027,2754,19.0,5.0,24.0,active
185,Cabdiqadir Xasan Xasan,male,Ahmed Rashid,FARJANO ,,1aad,DUGSI HOOSE,,,,,,2026 - 2038,2755,5.0,5.0,10.0,active
180,Aamina Xasan Cali,female,Jamiilo Warfaa,FARJANO ,,8aad,DUGSI DHEXE,,,,,,2026 - 2031,2750,12.0,5.0,17.0,active
181,Cabdalla Xasan Maxamed,male,Ahmed Rashid,FARJANO ,,9aad,DUGSI SARE,,,,,,2026 - 2030,2751,19.0,5.0,24.0,active
182,Rooda Xasan Cali,female,Caasho warfa,FARJANO ,,10aad,DUGSI SARE,,,,,,2026 - 2029,2752,19.0,5.0,24.0,active
177,Cabdiqani Xasan Maxamed,male,Ahmed Rashid,FARJANO ,,5aad,DUGSI DHEXE,,,,,,2026 - 2034,2747,12.0,5.0,17.0,active
178,Hodan Xasan Maxamed,female,Caasho warfa,FARJANO ,,6aad,DUGSI DHEXE,,,,,,2026 - 2033,2748,12.0,5.0,17.0,active
179,Maxamed Xasan Cali,male,Ahmed Rashid,FARJANO ,,7aad,DUGSI DHEXE,A,,,,,2026 - 2032,2749,12.0,5.0,17.0,active
174,Farxiya Xasan Maxamed,female,Caasho warfa,FARJANO ,,2aad,DUGSI HOOSE,,,,,,2026 - 2037,2744,5.0,5.0,10.0,active
175,Axmed Xasan Xasan,male,Ahmed Rashid,FARJANO ,,3aad,DUGSI HOOSE,,,,,,2026 - 2036,2745,5.0,5.0,10.0,active
176,Sucaad Xasan Cali,female,Jamiilo Warfaa,FARJANO ,,4aad,DUGSI HOOSE,,,,,,2026 - 2035,2746,5.0,5.0,10.0,active
171,Yuusuf Xasan Xasan,male,Ahmed Rashid,FARJANO ,,11aad,DUGSI SARE,,,,,,2026 - 2028,2741,19.0,5.0,24.0,active
172,Hibo Xasan Maxamed,female,Jamiilo Warfaa,FARJANO ,,12aad,DUGSI SARE,,,,,,2026 - 2027,2742,19.0,5.0,24.0,active
173,Cabdirahman Xasan Cali,male,Ahmed Rashid,FARJANO ,,1aad,DUGSI HOOSE,,,,,,2026 - 2038,2743,5.0,5.0,10.0,active
168,Aamina Xasan Xasan,female,Jamiilo Warfaa,FARJANO ,,8aad,DUGSI DHEXE,,,,,,2026 - 2031,2738,12.0,5.0,17.0,active
169,Cabdirisaaq Xasan Maxamed,male,Ahmed Rashid,FARJANO ,,9aad,DUGSI SARE,,,,,,2026 - 2030,2739,19.0,5.0,24.0,active
170,Najmo Xasan Cali,female,Caasho warfa,FARJANO ,,10aad,DUGSI SARE,,,,,,2026 - 2029,2740,19.0,5.0,24.0,active
165,Cabdiraxman Xasan Xasan,male,Ahmed Rashid,FARJANO ,,5aad,DUGSI DHEXE,,,,,,2026 - 2034,2735,12.0,5.0,17.0,active
166,Sahra Xasan Maxamed,female,Caasho warfa,FARJANO ,,6aad,DUGSI DHEXE,,,,,,2026 - 2033,2736,12.0,5.0,17.0,active
167,Yaxye Xasan Cali,male,Ahmed Rashid,FARJANO ,,7aad,DUGSI DHEXE,A,,,,,2026 - 2032,2737,12.0,5.0,17.0,active
162,Nimco Xasan Maxamed,female,Caasho warfa,FARJANO ,,2aad,DUGSI HOOSE,,,,,,2026 - 2037,2732,5.0,5.0,10.0,active
163,Xasan Xasan Cali,male,Ahmed Rashid,FARJANO ,,3aad,DUGSI HOOSE,,,,,,2026 - 2036,2733,5.0,5.0,10.0,active
164,Fadumo Xasan Maxamed,female,Jamiilo Warfaa,FARJANO ,,4aad,DUGSI HOOSE,,,,,,2026 - 2035,2734,5.0,5.0,10.0,active
160,Haboon Xasan Maxamed,female,Jamiilo Warfaa,FARJANO ,,12aad,DUGSI SARE,,,,,,2026 - 2027,2730,19.0,5.0,24.0,active
161,Cabdiqani Xasan Cali,male,Ahmed Rashid,FARJANO ,,1aad,DUGSI HOOSE,,,,,,2026 - 2038,2731,5.0,5.0,10.0,active
157,Cabdalla Xasan Cali,male,Ahmed Rashid,FARJANO ,,9aad,DUGSI SARE,,,,,,2026 - 2030,2727,19.0,5.0,24.0,active
158,Rooda Xasan Maxamed,female,Caasho warfa,FARJANO ,,10aad,DUGSI SARE,,,,,,2026 - 2029,2728,19.0,5.0,24.0,active
159,Ismaaciil Xasan Cali,male,Ahmed Rashid,FARJANO ,,11aad,DUGSI SARE,,,,,,2026 - 2028,2729,19.0,5.0,24.0,active
154,Sucaad Xasan Maxamed,female,Caasho warfa,FARJANO ,,6aad,DUGSI DHEXE,,,,,,2026 - 2033,2724,12.0,5.0,17.0,active
155,Cabdirashiid Xasan Cali,male,Ahmed Rashid,FARJANO ,,7aad,DUGSI DHEXE,A,,,,,2026 - 2032,2725,12.0,5.0,17.0,active
156,Warsan Xasan Maxamed,female,Jamiilo Warfaa,FARJANO ,,8aad,DUGSI DHEXE,,,,,,2026 - 2031,2726,12.0,5.0,17.0,active
151,Cabdiwali Xasan Maxamed,male,Ahmed Rashid,FARJANO ,,3aad,DUGSI HOOSE,,,,,,2026 - 2036,2721,5.0,5.0,10.0,active
152,Farxiyo Xasan Cali,female,Jamiilo Warfaa,FARJANO ,,4aad,DUGSI HOOSE,,,,,,2026 - 2035,2722,5.0,5.0,10.0,active
153,Maxamed Xasan Xasan,male,Ahmed Rashid,FARJANO ,,5aad,DUGSI DHEXE,,,,,,2026 - 2034,2723,12.0,5.0,17.0,active
148,Hibo Xasan Cali,female,Jamiilo Warfaa,FARJANO ,,12aad,DUGSI SARE,,,,,,2026 - 2027,2718,19.0,5.0,24.0,active
149,Cabdisalaan Maxamed Xasan,male,Ahmed Rashid,FARJANO ,,1aad,DUGSI HOOSE,,,,,,2026 - 2038,2719,5.0,5.0,10.0,active
150,Deeqo Xasan Cali,female,Caasho warfa,FARJANO ,,2aad,DUGSI HOOSE,,,,,,2026 - 2037,2720,5.0,5.0,10.0,active
145,Mahad Xasan Cali,male,Ahmed Rashid,FARJANO ,,9aad,DUGSI SARE,,,,,,2026 - 2030,2715,19.0,5.0,24.0,active
146,Najma Maxamed Xasan,female,Caasho warfa,FARJANO ,,10aad,DUGSI SARE,,,,,,2026 - 2029,2716,19.0,5.0,24.0,active
147,Cabdikariim Xasan Maxamed,male,Ahmed Rashid,FARJANO ,,11aad,DUGSI SARE,,,,,,2026 - 2028,2717,19.0,5.0,24.0,active
142,Hodan Maxamed Xasan,female,Caasho warfa,FARJANO ,,6aad,DUGSI DHEXE,,,,,,2026 - 2033,2712,12.0,5.0,17.0,active
143,Cabdiqadir Xasan Cali,male,Ahmed Rashid,FARJANO ,,7aad,DUGSI DHEXE,A,,,,,2026 - 2032,2713,12.0,5.0,17.0,active
144,Ayaan Maxamed Xasan,female,Jamiilo Warfaa,FARJANO ,,8aad,DUGSI DHEXE,,,,,,2026 - 2031,2714,12.0,5.0,17.0,active
140,Sahra Cabdi Xasan,female,Jamiilo Warfaa,FARJANO ,,4aad,DUGSI HOOSE,,,,,,2026 - 2035,2710,5.0,5.0,10.0,active
141,Yuusuf Xasan Cali,male,Ahmed Rashid,FARJANO ,,5aad,DUGSI DHEXE,,,,,,2026 - 2034,2711,12.0,5.0,17.0,active
137,Abdullahi Cabdi Xasan,male,Ahmed Rashid,FARJANO ,,1aad,DUGSI HOOSE,,,,,,2026 - 2038,2707,5.0,5.0,10.0,active
138,Fadumo Maxamed Cali,female,Caasho warfa,FARJANO ,,2aad,DUGSI HOOSE,,,,,,2026 - 2037,2708,5.0,5.0,10.0,active
139,Cabdiraxmaan Xasan Maxamed,male,Ahmed Rashid,FARJANO ,,3aad,DUGSI HOOSE,,,,,,2026 - 2036,2709,5.0,5.0,10.0,active
134,Cabdirisaaq Xasan Cali,male,Ahmed Rashid,FARJANO ,,10aad,DUGSI SARE,,,,,,2026 - 2029,2704,19.0,5.0,24.0,active
135,Najmo Cabdi Xasan,female,Caasho warfa,FARJANO ,,11aad,DUGSI SARE,,,,,,2026 - 2028,2705,19.0,5.0,24.0,active
136,Yaxye Xasan Maxamed,male,Ahmed Rashid,FARJANO ,,12aad,DUGSI SARE,,,,,,2026 - 2027,2706,19.0,5.0,24.0,active
131,Hodan Xasan Cali,female,Caasho warfa,FARJANO ,,7aad,DUGSI DHEXE,A,,,,,2026 - 2032,2701,12.0,5.0,17.0,active
132,Maxamed Xasan Cali,male,Ahmed Rashid,FARJANO ,,8aad,DUGSI DHEXE,,,,,,2026 - 2031,2702,12.0,5.0,17.0,active
133,Aamina Xasan Maxamed,female,Jamiilo Warfaa,FARJANO ,,9aad,DUGSI SARE,,,,,,2026 - 2030,2703,19.0,5.0,24.0,active
128,Axmed Xasan Cali,male,Ahmed Rashid,FARJANO ,,4aad,DUGSI HOOSE,,,,,,2026 - 2035,2698,5.0,5.0,10.0,active
129,Sucaad Axmed Xasan,female,Jamiilo Warfaa,FARJANO ,,5aad,DUGSI DHEXE,,,,,,2026 - 2034,2699,12.0,5.0,17.0,active
130,Cabdiqani Xasan Maxamed,male,Ahmed Rashid,FARJANO ,,6aad,DUGSI DHEXE,,,,,,2026 - 2033,2700,12.0,5.0,17.0,active
125,Habiba Axmed Cali,female,Jamiilo Warfaa,FARJANO ,,1aad,DUGSI HOOSE,,,,,,2026 - 2038,2695,5.0,5.0,10.0,active
126,Cabdirahman Xasan Nuur,male,Ahmed Rashid,FARJANO ,,2aad,DUGSI HOOSE,,,,,,2026 - 2037,2696,5.0,5.0,10.0,active
127,Farxiya Cabdi Maxamed,female,Caasho warfa,FARJANO ,,3aad,DUGSI HOOSE,,,,,,2026 - 2036,2697,5.0,5.0,10.0,active
122,Cabdisalan Xasan Maxamed,male,Ahmed Rashid,FARJANO ,,10aad,DUGSI SARE,,,,,,2026 - 2029,2692,19.0,5.0,24.0,active
123,Deeqa Cabdi Xasan,female,Caasho warfa,FARJANO ,,11aad,DUGSI SARE,,,,,,2026 - 2028,2693,19.0,5.0,24.0,active
124,Abdiqadir Xasan Maxamed,male,Ahmed Rashid,FARJANO ,,12aad,DUGSI SARE,,,,,,2026 - 2027,2694,19.0,5.0,24.0,active
119,Ayaan Axmed Xasan,female,Caasho warfa,FARJANO ,,7aad,DUGSI DHEXE,A,,,,,2026 - 2032,2689,12.0,5.0,17.0,active
120,Mustafa Xasan Maxamed,male,Ahmed Rashid,FARJANO ,,8aad,DUGSI DHEXE,,,,,,2026 - 2031,2690,12.0,5.0,17.0,active
121,Nimco Axmed Cali,female,Jamiilo Warfaa,FARJANO ,,9aad,DUGSI SARE,,,,,,2026 - 2030,2691,19.0,5.0,24.0,active
116,Abdinasir Xasan Nuur,male,Ahmed Rashid,FARJANO ,,4aad,DUGSI HOOSE,,,,,,2026 - 2035,2686,5.0,5.0,10.0,active
117,Fowsiya Cabdi Maxamed,female,Jamiilo Warfaa,FARJANO ,,5aad,DUGSI DHEXE,,,,,,2026 - 2034,2687,12.0,5.0,17.0,active
118,Cabdiraxman Xasan Cali,male,Ahmed Rashid,FARJANO ,,6aad,DUGSI DHEXE,,,,,,2026 - 2033,2688,12.0,5.0,17.0,active
113,Hibo Cabdi Xasan,female,Jamiilo Warfaa,FARJANO ,,1aad,DUGSI HOOSE,,,,,,2026 - 2038,2683,5.0,5.0,10.0,active
114,Cabdikariim Xasan Cali,male,Ahmed Rashid,FARJANO ,,2aad,DUGSI HOOSE,,,,,,2026 - 2037,2684,5.0,5.0,10.0,active
115,Sahra Axmed Maxamed,female,Caasho warfa,FARJANO ,,3aad,DUGSI HOOSE,,,,,,2026 - 2036,2685,5.0,5.0,10.0,active
110,Cabdalla Xasan Maxamed,male,Ahmed Rashid,FARJANO ,,10aad,DUGSI SARE,,,,,,2026 - 2029,2680,19.0,5.0,24.0,active
111,Faduma Axmed Cali,female,Caasho warfa,FARJANO ,,11aad,DUGSI SARE,,,,,,2026 - 2028,2681,19.0,5.0,24.0,active
112,Yuusuf Xasan Maxamed,male,Ahmed Rashid,FARJANO ,,12aad,DUGSI SARE,,,,,,2026 - 2027,2682,19.0,5.0,24.0,active
107,Ifrah Axmed Xasan,female,Caasho warfa,FARJANO ,,7aad,DUGSI DHEXE,A,,,,,2026 - 2032,2677,12.0,5.0,17.0,active
108,Mahad Maxamed Cali,male,Ahmed Rashid,FARJANO ,,8aad,DUGSI DHEXE,,,,,,2026 - 2031,2678,12.0,5.0,17.0,active
109,Rooda Cabdi Xasan,female,Jamiilo Warfaa,FARJANO ,,9aad,DUGSI SARE,,,,,,2026 - 2030,2679,19.0,5.0,24.0,active
104,Maxamed Xasan Nuur,male,Ahmed Rashid,FARJANO ,,4aad,DUGSI HOOSE,,,,,,2026 - 2035,2674,5.0,5.0,10.0,active
105,Hodan Cabdi Maxamed,female,Jamiilo Warfaa,FARJANO ,,5aad,DUGSI DHEXE,,,,,,2026 - 2034,2675,12.0,5.0,17.0,active
106,Cabdiwali Xasan Cali,male,Ahmed Rashid,FARJANO ,,6aad,DUGSI DHEXE,,,,,,2026 - 2033,2676,12.0,5.0,17.0,active
101,Nasteexo Axmed Maxamed,female,Jamiilo Warfaa,FARJANO ,,1aad,DUGSI HOOSE,,,,,,2026 - 2038,2671,5.0,5.0,10.0,active
102,Cabdifitaax Xasan Cali,male,Ahmed Rashid,FARJANO ,,2aad,DUGSI HOOSE,,,,,,2026 - 2037,2672,5.0,5.0,10.0,active
103,Fadumo Cabdi Xasan,female,Caasho warfa,FARJANO ,,3aad,DUGSI HOOSE,,,,,,2026 - 2036,2673,5.0,5.0,10.0,active
98,Cabdulahi Xasan Maxamed,male,Ahmed Rashid,FARJANO ,,10aad,DUGSI SARE,,,,,,2026 - 2029,2668,19.0,5.0,24.0,active
99,Safiya Cabdi Xasan,female,Caasho warfa,FARJANO ,,11aad,DUGSI SARE,,,,,,2026 - 2028,2669,19.0,5.0,24.0,active
100,Abdirahman Maxamed Cali,male,Ahmed Rashid,FARJANO ,,12aad,DUGSI SARE,,,,,,2026 - 2027,2670,19.0,5.0,24.0,active
96,Yaxye Maxamed Xasan,male,Ahmed Rashid,FARJANO ,,8aad,DUGSI DHEXE,,,,,,2026 - 2031,2666,12.0,5.0,17.0,active
97,Deeqa Axmed Cali,female,Jamiilo Warfaa,FARJANO ,,9aad,DUGSI SARE,,,,,,2026 - 2030,2667,19.0,5.0,24.0,active
93,Fartuun Maxamed Cali,female,Jamiilo Warfaa,FARJANO ,,5aad,DUGSI DHEXE,,,,,,2026 - 2034,2663,12.0,5.0,17.0,active
94,Cabdirisaaq Axmed Xasan,male,Ahmed Rashid,FARJANO ,,6aad,DUGSI DHEXE,,,,,,2026 - 2033,2664,12.0,5.0,17.0,active
95,Aamina Cabdi Maxamed,female,Caasho warfa,FARJANO ,,7aad,DUGSI DHEXE,A,,,,,2026 - 2032,2665,12.0,5.0,17.0,active
90,Cabdinaasir Xasan Cali,male,Ahmed Rashid,FARJANO ,,2aad,DUGSI HOOSE,,,,,,2026 - 2037,2660,5.0,5.0,10.0,active
91,Samiiro Axmed Xasan,female,Caasho warfa,FARJANO ,,3aad,DUGSI HOOSE,,,,,,2026 - 2036,2661,5.0,5.0,10.0,active
92,Maxamuud Cabdi Nuur,male,Ahmed Rashid,FARJANO ,,4aad,DUGSI HOOSE,,,,,,2026 - 2035,2662,5.0,5.0,10.0,active
87,Hani Axmed Cali,female,Caasho warfa,FARJANO ,,11aad,DUGSI SARE,,,,,,2026 - 2028,2657,19.0,5.0,24.0,active
88,Abdullahi Maxamed Nuur,male,Ahmed Rashid,FARJANO ,,12aad,DUGSI SARE,,,,,,2026 - 2027,2658,19.0,5.0,24.0,active
89,Raxma Cabdi Maxamed,female,Jamiilo Warfaa,FARJANO ,,1aad,DUGSI HOOSE,,,,,,2026 - 2038,2659,5.0,5.0,10.0,active
84,Shariif Axmed Maxamed,male,Ahmed Rashid,FARJANO ,,8aad,DUGSI DHEXE,,,,,,2026 - 2031,2654,12.0,5.0,17.0,active
85,Ugbaad Cabdi Nuur,female,Jamiilo Warfaa,FARJANO ,,9aad,DUGSI SARE,,,,,,2026 - 2030,2655,19.0,5.0,24.0,active
86,Cabdifaarax Maxamed Xasan,male,Ahmed Rashid,FARJANO ,,10aad,DUGSI SARE,,,,,,2026 - 2029,2656,19.0,5.0,24.0,active
81,Fadumo Axmed Cabdi,female,Jamiilo Warfaa,FARJANO ,,5aad,DUGSI DHEXE,,,,,,2026 - 2034,2651,12.0,5.0,17.0,active
82,Abdinasir Maxamed Cali,male,Ahmed Rashid,FARJANO ,,6aad,DUGSI DHEXE,,,,,,2026 - 2033,2652,12.0,5.0,17.0,active
83,Fowsiyo Cabdi Xasan,female,Caasho warfa,FARJANO ,,7aad,DUGSI DHEXE,A,,,,,2026 - 2032,2653,12.0,5.0,17.0,active
78,Cabdiqadir Maxamed Xasan,male,Ahmed Rashid,FARJANO ,,2aad,DUGSI HOOSE,,,,,,2026 - 2037,2648,5.0,5.0,10.0,active
79,Nimco Cabdi Cali,female,Caasho warfa,FARJANO ,,3aad,DUGSI HOOSE,,,,,,2026 - 2036,2649,5.0,5.0,10.0,active
80,Xasan Maxamed Nuur,male,Ahmed Rashid,FARJANO ,,4aad,DUGSI HOOSE,,,,,,2026 - 2035,2650,5.0,5.0,10.0,active
75,Rooda Axmed Xasan,female,Caasho warfa,FARJANO ,,11aad,DUGSI SARE,,,,,,2026 - 2028,2645,19.0,5.0,24.0,active
76,Ismaaciil Cabdi Maxamed,male,Ahmed Rashid,FARJANO ,,12aad,DUGSI SARE,,,,,,2026 - 2027,2646,19.0,5.0,24.0,active
77,Haboon Xasan Cali,female,Jamiilo Warfaa,FARJANO ,,1aad,DUGSI HOOSE,,,,,,2026 - 2038,2647,5.0,5.0,10.0,active
72,Cabdirashiid Maxamed Xasan,male,Ahmed Rashid,FARJANO ,,8aad,DUGSI DHEXE,,,,,,2026 - 2031,2642,12.0,5.0,17.0,active
73,Warsan Cabdi Cali,female,Jamiilo Warfaa,FARJANO ,,9aad,DUGSI SARE,,,,,,2026 - 2030,2643,19.0,5.0,24.0,active
74,Cabdalla Maxamed Nuur,male,Ahmed Rashid,FARJANO ,,10aad,DUGSI SARE,,,,,,2026 - 2029,2644,19.0,5.0,24.0,active
69,Sucaad Cabdi Maxamed,female,Jamiilo Warfaa,FARJANO ,,5aad,DUGSI DHEXE,,,,,,2026 - 2034,2639,12.0,5.0,17.0,active
70,Xasan Cabdi Nuur,male,Ahmed Rashid,FARJANO ,,6aad,DUGSI DHEXE,,,,,,2026 - 2033,2640,12.0,5.0,17.0,active
71,Aamina Axmed Cali,female,Caasho warfa,FARJANO ,,7aad,DUGSI DHEXE,A,,,,,2026 - 2032,2641,12.0,5.0,17.0,active
66,Abdiwali Maxamed Xasan,male,Ahmed Rashid,FARJANO ,,2aad,DUGSI HOOSE,,,,,,2026 - 2037,2636,5.0,5.0,10.0,active
67,Farxiyo Cabdi Cali,female,Caasho warfa,FARJANO ,,3aad,DUGSI HOOSE,,,,,,2026 - 2036,2637,5.0,5.0,10.0,active
68,Maxamed Aadan Xasan,male,Ahmed Rashid,FARJANO ,,4aad,DUGSI HOOSE,,,,,,2026 - 2035,2638,5.0,5.0,10.0,active
63,Deeqo Maxamed Cabdi,female,Caasho warfa,FARJANO ,,11aad,DUGSI SARE,,,,,,2026 - 2028,2633,19.0,5.0,24.0,active
64,Saalax Cabdi Nuur,male,Ahmed Rashid,FARJANO ,,12aad,DUGSI SARE,,,,,,2026 - 2027,2634,19.0,5.0,24.0,active
65,Naciimo Axmed Cali,female,Jamiilo Warfaa,FARJANO ,,1aad,DUGSI HOOSE,,,,,,2026 - 2038,2635,5.0,5.0,10.0,active
60,Mustafe Xasan Cabdi,male,Ahmed Rashid,FARJANO ,,8aad,DUGSI DHEXE,,,,,,2026 - 2031,2630,12.0,5.0,17.0,active
61,Hibo Maxamed Cali,female,Jamiilo Warfaa,FARJANO ,,9aad,DUGSI SARE,,,,,,2026 - 2030,2631,19.0,5.0,24.0,active
62,Cabdisalaan Axmed Xasan,male,Ahmed Rashid,FARJANO ,,10aad,DUGSI SARE,,,,,,2026 - 2029,2632,19.0,5.0,24.0,active
57,Khadra Maxamed Warsame,female,Jamiilo Warfaa,FARJANO ,,5aad,DUGSI DHEXE,,,,,,2026 - 2034,2627,12.0,5.0,17.0,active
58,Abdikariim Axmed Cali,male,Ahmed Rashid,FARJANO ,,6aad,DUGSI DHEXE,,,,,,2026 - 2033,2628,12.0,5.0,17.0,active
59,Luul Cabdi Maxamed,female,Caasho warfa,FARJANO ,,7aad,DUGSI DHEXE,A,,,,,2026 - 2032,2629,12.0,5.0,17.0,active
54,Cabdifitaax Maxamed Nuur,male,Ahmed Rashid,FARJANO ,,2aad,DUGSI HOOSE,,,,,,2026 - 2037,2624,5.0,5.0,10.0,active
55,Shamso Cabdi Cali,female,Caasho warfa,FARJANO ,,3aad,DUGSI HOOSE,,,,,,2026 - 2036,2625,5.0,5.0,10.0,active
56,Axmed Cabdi Xasan,male,Ahmed Rashid,FARJANO ,,4aad,DUGSI HOOSE,,,,,,2026 - 2035,2626,5.0,5.0,10.0,active
51,Najma Axmed Cabdi,female,Caasho warfa,FARJANO ,,11aad,DUGSI SARE,,,,,,2026 - 2028,2621,19.0,5.0,24.0,active
52,Yuusuf Maxamed Cali,male,Ahmed Rashid,FARJANO ,,12aad,DUGSI SARE,,,,,,2026 - 2027,2622,19.0,5.0,24.0,active
53,Ifrah Cabdiqadir Xasan,female,Jamiilo Warfaa,FARJANO ,,1aad,DUGSI HOOSE,,,,,,2026 - 2038,2623,5.0,5.0,10.0,active
48,Ilyaas Cabdi Maxamed,male,Ahmed Rashid,FARJANO ,,8aad,DUGSI DHEXE,,,,,,2026 - 2029,2618,12.0,5.0,17.0,active
49,Ayaan Xasan Cali,female,Jamiilo Warfaa,FARJANO ,,9aad,DUGSI SARE,,,,,,2026 - 2028,2619,19.0,5.0,24.0,active
50,Mahad Cabdi Nuur,male,Ahmed Rashid,FARJANO ,,10aad,DUGSI SARE,,,,,,2026 - 2027,2620,19.0,5.0,24.0,active
45,Hodan Axmed Warsame,female,Jamiilo Warfaa,FARJANO ,,5aad,DUGSI DHEXE,,,,,,2026 - 2032,2615,12.0,5.0,17.0,active
46,Cabdiraxmaan Cali Xasan,male,Ahmed Rashid,FARJANO ,,6aad,DUGSI DHEXE,,,,,,2026 - 2031,2616,12.0,5.0,17.0,active
47,Sahra Maxamed Nuur,female,Caasho warfa,FARJANO ,,7aad,DUGSI DHEXE,A,,,,,2026 - 2030,2617,12.0,5.0,17.0,active
42,Abdiqani Maxamed Xasan,male,Ahmed Rashid,FARJANO ,,2aad,DUGSI HOOSE,,,,,,2026 - 2035,2612,5.0,5.0,10.0,active
43,Fartuun Cabdi Cali,female,Caasho warfa,FARJANO ,,3aad,DUGSI HOOSE,,,,,,2026 - 2034,2613,5.0,5.0,10.0,active
44,Maxamed Cabdiqadir Nuur,male,Ahmed Rashid,FARJANO ,,4aad,DUGSI HOOSE,,,,,,2026 - 2033,2614,5.0,5.0,10.0,active
39,Daadir Daahir Ali,male,Jamiilo Warfaa,FARJANO ,,8aad,DUGSI DHEXE,,,,,,2026 - 2031,2603,12.0,5.0,17.0,active
40,Samiro Abdi Aden,female,Ahmed Rashid,FARJANO ,,11aad,DUGSI SARE,,,,,,2026 - 2028,2602,19.0,5.0,24.0,active
41,Ahmed Rashid Ali,male,Ahmed Rashid,FARJANO ,,11aad,DUGSI SARE,,,,,,2026 - 2028,2601,19.0,0.0,19.0,active
36,Hassan Warfaa Muuse,male,Ahmed Rashid,FARJANO ,,7aad,DUGSI DHEXE,A,,,,,2026 - 2032,2606,12.0,5.0,17.0,active
37,Mahdi Warfaa Jaamac,male,Ahmed Rashid,FARJANO ,,7aad,DUGSI DHEXE,A,,,,,2026 - 2032,2605,12.0,5.0,17.0,active
38,Mascud Hassan,male,Jamiilo Warfaa,FARJANO ,,8aad,DUGSI DHEXE,,,,,,2026 - 2027,2604,12.0,5.0,17.0,active
33,Mohamed Muuse,male,Ahmed Rashid,FARJANO ,,1aad,DUGSI HOOSE,,,,,,2026 - 2038,2609,5.0,5.0,10.0,active
34,Bishaaro Ali,,Ahmed Rashid,FARJANO ,,11aad,DUGSI SARE,,,,,,2026 - 2028,2608,19.0,5.0,24.0,active
35,Caasho Warfaa Asad,female,Ahmed Rashid,FARJANO ,,11aad,DUGSI SARE,,,,,,2026 - 2028,2607,19.0,5.0,24.0,active
31,Nasro Abdirahman Ali,female,Caasho warfa,FARJANO ,,12aad,DUGSI SARE,,,,,,2026 - 2027,2611,19.0,5.0,24.0,active
32,Jamaac Abdirahman Ali,male,Caasho warfa,FARJANO ,,1aad,DUGSI HOOSE,,,,,,2026 - 2038,2610,5.0,5.0,10.0,active
30,Nasro Abdirahman Ali,female,Caasho warfa,FARJANO ,,12aad,DUGSI SARE,,,,,,2026 - 2027,2611,19.0,5.0,24.0,active
29,Jamaac Abdirahman Ali,male,Caasho warfa,FARJANO ,,1aad,DUGSI HOOSE,,,,,,2026 - 2038,2610,5.0,5.0,10.0,active
28,Mohamed Muuse,male,Ahmed Rashid,FARJANO ,,1aad,DUGSI HOOSE,,,,,,2026 - 2038,2609,5.0,5.0,10.0,active
27,Bishaaro Ali,,Ahmed Rashid,FARJANO ,,11aad,DUGSI SARE,,,,,,2026 - 2028,2608,19.0,5.0,24.0,active
26,Caasho Warfaa Asad,female,Ahmed Rashid,FARJANO ,,11aad,DUGSI SARE,,,,,,2026 - 2028,2607,19.0,5.0,24.0,active
25,Hassan Warfaa Muuse,male,Ahmed Rashid,FARJANO ,,7aad,DUGSI DHEXE,A,,,,,2026 - 2032,2606,12.0,5.0,17.0,active
21,Mahdi Warfaa Jaamac,male,Ahmed Rashid,FARJANO ,,7aad,DUGSI DHEXE,A,,,,,2026 - 2032,2605,12.0,5.0,17.0,active
6,Mascud Hassan,male,Jamiilo Warfaa,FARJANO ,,8aad,DUGSI DHEXE,,,,,,2026 - 2027,2604,12.0,5.0,17.0,active
3,Daadir Daahir Ali,male,Jamiilo Warfaa,FARJANO ,,8aad,DUGSI DHEXE,,,,,,2026 - 2031,2603,12.0,5.0,17.0,active
2,Samiro Abdi Aden,female,Ahmed Rashid,FARJANO ,,11aad,DUGSI SARE,,,,,,2026 - 2028,2602,19.0,5.0,24.0,active
1,Ahmed Rashid Ali,male,Ahmed Rashid,FARJANO ,,11aad,DUGSI SARE,,,,,,2026 - 2028,2601,19.0,0.0,19.0,active
